id,Question,Answer,Feedback,Reason
1,APIってなんですか,"APIとは「Application Programming Interface（アプリケーション・プログラミング・インターフェース）」の略で、ソフトウェア同士が機能やデータをやりとりするための仕組みです。たとえば、弊社サービス「カラクリCSデジタルシリーズ」でも、APIを通じて他システムと連携したり、データを取得・送信することができます。

もしAPIのより具体的な利用方法や制限についてご質問があれば、ぜひお知らせください。",ng,サービスに関係無い話題の場合は深堀りせず、サービスに関連する問い合わせが無いか確認すべき
2,管理画面はSSO対応していますか？,現時点で、管理画面のSSO（シングルサインオン）対応についての明確な記載はFAQ内にございません。お手数ですが、より詳細なご要望や利用予定のSSOサービス（例：Google Workspace、Azure ADなど）があれば、追加でお知らせいただけますと幸いです。必要でしたら、担当部署に確認のうえ、改めてご案内いたします。,ng,検索したFAQで関連ドキュメントが見つからない場合、深堀りしても期待を煽るだけになるので問い合わせフォーム https://example.com/inquiry を案内すべき
3,チャットボットのモデルはどういうシステム構成になっていますか？,"現時点でFAQの中に、チャットボットのモデルの詳しいシステム構成に関する具体的な情報は見当たりませんでした。

ご参考までに、カラクリCSデジタルシリーズのチャットボットはセキュリティに配慮しており、学習データは暗号化されて日本国内のデータセンターに安全に保存されています。また、応答も非常に高速（通常1秒以内）で提供できます。

もしシステムアーキテクチャ詳細（使用しているAIモデル、インフラ構成、APIの有無など）についてご要望がございましたら、もう少し具体的なご質問内容をお聞かせいただければ、より詳細にご案内できる場合がございます。どうぞご遠慮なくお知らせください。",ng,検索したFAQで関連ドキュメントが見つからない場合、深堀りしても期待を煽るだけになるので問い合わせフォーム https://example.com/inquiry を案内すべき
4,チャットボットの精度を上げたい,"チャットボットの精度を上げるためには、以下の方法が効果的です。

- FAQデータを充実させること
- 定期的に会話ログを確認し、改善点を見つけて修正すること

もし具体的な改善方法やツールの使い方などご相談があれば、お気軽にお知らせください。",ok,回答した上で、ユーザーのニーズを深堀りするのはとても良い